size,torch,compiled,cuda,clone
1024.000000,89.043476,195.047621,409.600010,512.000001
2048.000000,89.530056,174.297867,496.484845,606.814814
4096.000000,72.979953,116.612105,559.987201,655.360017
8192.000000,73.885005,120.470586,618.264154,689.852609
16384.000000,73.760269,121.250698,648.871301,704.688154
32768.000000,92.515968,208.216038,670.444998,712.347810
65536.000000,36.582912,206.656682,686.240841,715.263308
131072.000000,21.398637,201.184954,694.881394,716.240451
