size,torch,compiled,cuda,clone
1024.000000,118.296023,159.843899,564.965503,564.965503
2048.000000,122.611788,162.923552,606.814814,642.509816
4096.000000,126.517378,168.041025,657.002488,712.347810
8192.000000,128.596515,170.611123,713.316998,748.982884
16384.000000,129.023745,170.972773,729.697982,771.011768
32768.000000,119.994964,163.968099,739.214677,781.353219
65536.000000,84.764239,136.386825,744.595089,784.275212
131072.000000,69.780045,119.621943,745.720317,784.275212
