size,torch,compiled,dummy,cuda
1024.000000,109.226666,86.050423,744.727267,413.737386
2048.000000,144.991152,164.828974,936.228546,473.526030
4096.000000,151.985166,190.955708,1129.931006,504.123076
8192.000000,158.836637,197.516583,1213.629628,562.058304
16384.000000,161.378972,199.987791,1272.543708,588.823013
32768.000000,140.056631,185.996881,1297.742602,602.352931
