size,torch,compiled,cuda,clone
1024.000000,73.536805,77.870724,276.756745,564.965503
2048.000000,76.489262,101.637714,291.530264,642.509816
4096.000000,78.959037,104.891164,313.269584,712.347810
8192.000000,80.333413,106.597271,333.686345,753.287353
16384.000000,80.620005,106.805734,339.917010,771.011768
32768.000000,75.005438,102.504104,343.660205,781.353219
65536.000000,52.972297,85.161460,345.540119,784.275212
131072.000000,43.619784,74.614749,345.961936,784.275212
