size,torch,compiled,cuda,clone
1024.000000,54.613331,151.703703,292.571425,455.111095
2048.000000,53.368077,152.409297,364.088883,564.965503
4096.000000,47.012912,102.400003,431.157914,642.509816
8192.000000,38.482677,69.830582,478.364979,704.688154
16384.000000,38.607364,71.003251,508.031036,753.287353
32768.000000,38.358795,70.830586,507.048377,771.011768
65536.000000,52.407838,192.611315,495.546303,781.353219
131072.000000,33.565173,190.823652,487.936700,783.103837
