size,torch,compiled,dummy,cuda
1024.000000,126.419756,89.628011,744.727267,481.882355
2048.000000,167.183671,171.022961,963.764689,606.814838
4096.000000,177.700655,209.514062,1129.931006,652.749029
8192.000000,185.970485,216.863007,1224.971964,749.839800
16384.000000,189.055245,219.845681,1266.396107,777.413983
32768.000000,166.493500,204.082518,1297.742602,792.934053
