size,torch,compiled,cuda,clone
1024.000000,75.155963,146.285712,481.882344,564.965503
2048.000000,76.740048,150.311926,574.877182,642.509816
4096.000000,78.864021,157.160670,648.871301,712.347810
8192.000000,79.824602,159.843899,693.502651,753.287353
16384.000000,79.776017,159.941425,714.288827,771.011768
32768.000000,74.834144,159.261243,720.175811,781.353219
65536.000000,55.775320,159.152463,721.662765,783.103837
131072.000000,43.161933,159.043831,724.154713,786.923817
