size,torch,compiled,dummy,cuda
1024.000000,47.352603,124.121211,512.000001,372.363633
2048.000000,62.773944,146.285712,780.190482,512.000001
4096.000000,63.750971,147.603602,963.764689,642.509816
8192.000000,65.931589,153.840371,1110.779627,780.190482
16384.000000,67.807551,156.410505,1213.629628,873.813292
32768.000000,60.709590,155.759952,1272.543708,939.584230
