size,torch,compiled,cuda,clone
1024.000000,88.086019,195.047621,410.884033,512.000001
2048.000000,89.530056,174.297867,496.484845,606.814814
4096.000000,72.656319,116.612105,564.357390,655.564882
8192.000000,73.553313,120.249537,624.152386,689.852609
16384.000000,73.142856,120.581415,652.099494,704.688154
32768.000000,91.530729,207.885796,670.444998,712.347810
65536.000000,36.382361,206.331364,687.140246,715.263308
131072.000000,21.362453,200.838156,696.265631,715.751546
