size,torch,compiled,cuda
1024.000000,105.295632,75.155961,382.803739
2048.000000,145.765132,143.719305,470.804596
4096.000000,152.126269,191.178528,504.123076
8192.000000,158.990774,197.754974,562.058304
16384.000000,161.339234,200.018317,589.087655
32768.000000,140.161467,186.155380,602.352931
65536.000000,97.516553,153.705079,610.489040
131072.000000,82.850777,139.127477,615.144873
